epoch,time,train/box_loss,train/cls_loss,train/dfl_loss,metrics/precision(B),metrics/recall(B),metrics/mAP50(B),metrics/mAP50-95(B),val/box_loss,val/cls_loss,val/dfl_loss,lr/pg0,lr/pg1,lr/pg2
1,5.37213,3.41615,5.46622,1.20453,0.00267,0.09302,0.00222,0.00043,3.52646,4.64196,1.11429,2e-05,2e-05,2e-05
2,7.53575,3.38864,5.47375,1.13829,0.00267,0.09302,0.00228,0.00044,3.53061,4.65095,1.11323,5.97624e-05,5.97624e-05,5.97624e-05
3,9.49986,3.38425,5.57588,1.15094,0.00267,0.09302,0.00237,0.00045,3.53112,4.65966,1.11112,9.9208e-05,9.9208e-05,9.9208e-05
4,11.5117,3.29556,5.55535,1.13959,0.54762,0.53488,0.50566,0.20964,2.12373,34.8829,0.85509,0.000138337,0.000138337,0.000138337
5,14.294,2.21379,18.9071,0.86579,0.00917,0.13953,0.00548,0.00262,2.11791,15.5067,0.85481,0.000177149,0.000177149,0.000177149
6,17.1141,2.60955,16.9662,0.95746,0.00976,0.11628,0.00539,0.00259,2.15063,14.1443,0.85541,0.000215644,0.000215644,0.000215644
7,19.6794,2.16892,9.74401,0.88988,0.02333,0.5814,0.01857,0.00908,1.88887,inf,0.8477,0.000253822,0.000253822,0.000253822
8,22.2703,1.87804,3.8106,0.84882,0.17153,0.88372,0.24132,0.11853,1.8287,nan,0.8345,0.000291684,0.000291684,0.000291684
9,24.8242,1.91822,2.84269,0.865,0.17153,0.88372,0.24132,0.11853,nan,nan,nan,0.000329229,0.000329229,0.000329229
10,27.3352,1.90578,2.30108,0.8247,0.17153,0.88372,0.24132,0.11853,2.03588,nan,0.86718,0.000366457,0.000366457,0.000366457
11,29.8572,1.92802,2.08953,0.85411,0.012,0.4186,0.00984,0.00474,1.99812,nan,0.85235,0.000403368,0.000403368,0.000403368
12,32.339,1.92884,2.01427,0.8894,0.00899,0.30233,0.00575,0.00312,1.78396,inf,0.85034,0.000439962,0.000439962,0.000439962
13,34.8334,1.77303,1.2934,0.86766,0.02695,0.81395,0.02501,0.01321,nan,nan,nan,0.00047624,0.00047624,0.00047624
14,37.3186,1.74998,1.13658,0.85631,0.05476,0.81395,0.05187,0.02496,nan,nan,nan,0.000512201,0.000512201,0.000512201
15,39.7938,1.76192,1.07254,0.83805,0.142,0.60465,0.21135,0.11106,1.88601,31.1937,0.82819,0.000547845,0.000547845,0.000547845
16,42.266,1.68493,0.86959,0.82683,0.18771,0.53488,0.16713,0.07268,2.19671,nan,0.85614,0.000583172,0.000583172,0.000583172
17,44.7931,1.54305,0.85571,0.80504,0.18771,0.53488,0.16713,0.07268,nan,nan,nan,0.000618182,0.000618182,0.000618182
18,47.321,1.53697,0.9214,0.82565,0.18771,0.53488,0.16713,0.07268,nan,nan,nan,0.000652876,0.000652876,0.000652876
19,49.8301,1.54528,0.84209,0.79879,0.18771,0.53488,0.16713,0.07268,nan,nan,nan,0.000687253,0.000687253,0.000687253
20,52.335,1.64064,0.77551,0.83887,0.18771,0.53488,0.16713,0.07268,nan,nan,nan,0.000721313,0.000721313,0.000721313
21,54.8669,1.53383,0.87107,0.81372,0.18771,0.53488,0.16713,0.07268,nan,nan,nan,0.000755056,0.000755056,0.000755056
22,57.3739,1.67361,1.32045,0.82775,0.18771,0.53488,0.16713,0.07268,nan,nan,nan,0.000788482,0.000788482,0.000788482
23,59.844,1.48201,1.30229,0.83795,0.18771,0.53488,0.16713,0.07268,nan,nan,nan,0.000821592,0.000821592,0.000821592
24,62.3215,1.57865,0.88953,0.82721,0.18771,0.53488,0.16713,0.07268,nan,nan,nan,0.000854385,0.000854385,0.000854385
25,64.785,1.66929,0.83049,0.83518,0.18771,0.53488,0.16713,0.07268,nan,nan,nan,0.000886861,0.000886861,0.000886861
26,67.2484,1.30909,0.62856,0.83053,0.18771,0.53488,0.16713,0.07268,nan,nan,nan,0.00091902,0.00091902,0.00091902
27,69.7262,1.59201,0.78567,0.81168,0.18771,0.53488,0.16713,0.07268,nan,nan,nan,0.000950862,0.000950862,0.000950862
28,72.2356,1.71892,0.74739,0.81852,0.18771,0.53488,0.16713,0.07268,nan,nan,nan,0.000982388,0.000982388,0.000982388
29,74.7662,1.61753,0.70437,0.84347,0.18771,0.53488,0.16713,0.07268,nan,nan,nan,0.0010136,0.0010136,0.0010136
30,77.2569,1.45733,0.66632,0.82534,0.18771,0.53488,0.16713,0.07268,nan,nan,nan,0.00104449,0.00104449,0.00104449
31,79.759,1.44123,0.74437,0.81635,0.18771,0.53488,0.16713,0.07268,nan,nan,nan,0.00107506,0.00107506,0.00107506
32,82.2823,1.57182,0.68815,0.81801,0.18771,0.53488,0.16713,0.07268,nan,nan,nan,0.00110532,0.00110532,0.00110532
33,84.7731,1.67153,0.72953,0.81861,0.18771,0.53488,0.16713,0.07268,nan,nan,nan,0.00113526,0.00113526,0.00113526
34,87.2996,1.54507,0.72418,0.80972,0.18771,0.53488,0.16713,0.07268,nan,nan,nan,0.00116489,0.00116489,0.00116489
35,89.8148,1.55005,0.68699,0.80494,0.18771,0.53488,0.16713,0.07268,nan,nan,nan,0.0011942,0.0011942,0.0011942
36,92.2912,1.37674,0.60728,0.79625,0.18771,0.53488,0.16713,0.07268,nan,nan,nan,0.00122319,0.00122319,0.00122319
37,94.8214,1.9402,0.71676,0.82044,0.18771,0.53488,0.16713,0.07268,nan,nan,nan,0.00125186,0.00125186,0.00125186
38,97.3509,1.67689,0.75317,0.85698,0.18771,0.53488,0.16713,0.07268,nan,nan,nan,0.00128022,0.00128022,0.00128022
39,99.8403,1.31426,0.59897,0.84532,0.18771,0.53488,0.16713,0.07268,nan,nan,nan,0.00130826,0.00130826,0.00130826
40,102.341,2.05865,0.88503,0.84697,0.18771,0.53488,0.16713,0.07268,nan,nan,nan,0.00133598,0.00133598,0.00133598
41,104.887,1.62119,0.72419,0.79516,0.18771,0.53488,0.16713,0.07268,nan,nan,nan,0.00136339,0.00136339,0.00136339
42,107.374,1.4875,0.66721,0.82895,0.18771,0.53488,0.16713,0.07268,nan,nan,nan,0.00139048,0.00139048,0.00139048
43,109.878,1.4711,0.63112,0.8155,0.18771,0.53488,0.16713,0.07268,nan,nan,nan,0.00141726,0.00141726,0.00141726
44,112.434,1.47423,0.65274,0.8366,0.18771,0.53488,0.16713,0.07268,nan,nan,nan,0.00144371,0.00144371,0.00144371
45,114.951,1.6044,0.6186,0.81313,0.18771,0.53488,0.16713,0.07268,nan,nan,nan,0.00146985,0.00146985,0.00146985
46,117.479,1.61917,0.65605,0.81471,0.18771,0.53488,0.16713,0.07268,nan,nan,nan,0.00149568,0.00149568,0.00149568
47,120.015,1.33667,0.57506,0.80444,0.18771,0.53488,0.16713,0.07268,nan,nan,nan,0.00152118,0.00152118,0.00152118
48,122.545,1.4264,0.5515,0.81026,0.18771,0.53488,0.16713,0.07268,nan,nan,nan,0.00154637,0.00154637,0.00154637
49,125.05,1.86173,0.71362,0.85499,0.18771,0.53488,0.16713,0.07268,nan,nan,nan,0.00157124,0.00157124,0.00157124
50,127.57,1.86204,0.7188,0.83532,0.18771,0.53488,0.16713,0.07268,nan,nan,nan,0.0015958,0.0015958,0.0015958
51,130.065,1.5954,0.63241,0.8384,0.18771,0.53488,0.16713,0.07268,nan,nan,nan,0.001604,0.001604,0.001604
52,132.594,1.57904,0.60325,0.82756,0.18771,0.53488,0.16713,0.07268,nan,nan,nan,0.00159608,0.00159608,0.00159608
53,135.117,1.79533,0.74351,0.86413,0.18771,0.53488,0.16713,0.07268,nan,nan,nan,0.00158816,0.00158816,0.00158816
54,137.652,1.94198,0.77699,0.84634,0.18771,0.53488,0.16713,0.07268,nan,nan,nan,0.00158024,0.00158024,0.00158024
55,140.159,1.70028,0.73807,0.81997,0.18771,0.53488,0.16713,0.07268,nan,nan,nan,0.00157232,0.00157232,0.00157232
56,142.728,1.50175,0.67896,0.80798,0.18771,0.53488,0.16713,0.07268,nan,nan,nan,0.0015644,0.0015644,0.0015644
57,145.252,1.57909,0.68203,0.82104,0.18771,0.53488,0.16713,0.07268,nan,nan,nan,0.00155648,0.00155648,0.00155648
58,147.785,1.61659,0.68726,0.81572,0.18771,0.53488,0.16713,0.07268,0,574,0,0.00154856,0.00154856,0.00154856
59,150.293,1.58113,0.69211,0.83548,0.18771,0.53488,0.16713,0.07268,0,574,0,0.00154064,0.00154064,0.00154064
60,152.828,1.46139,0.59993,0.83354,0.18771,0.53488,0.16713,0.07268,0,nan,0,0.00153272,0.00153272,0.00153272
61,155.341,1.27391,0.63174,0.77912,0.18771,0.53488,0.16713,0.07268,0,nan,0,0.0015248,0.0015248,0.0015248
62,157.936,1.38677,0.63543,0.79707,0.18771,0.53488,0.16713,0.07268,nan,nan,nan,0.00151688,0.00151688,0.00151688
63,160.463,1.33163,0.60867,0.79294,0.18771,0.53488,0.16713,0.07268,nan,nan,nan,0.00150896,0.00150896,0.00150896
64,163.001,1.32248,0.56352,0.79655,0.18771,0.53488,0.16713,0.07268,nan,nan,nan,0.00150104,0.00150104,0.00150104
65,165.505,1.31156,0.61832,0.81556,0.18771,0.53488,0.16713,0.07268,nan,nan,nan,0.00149312,0.00149312,0.00149312
66,168.035,1.54241,0.68445,0.82432,0.18771,0.53488,0.16713,0.07268,0,27520,0,0.0014852,0.0014852,0.0014852
67,170.543,1.33896,0.56292,0.80779,0.18771,0.53488,0.16713,0.07268,0,27520,0,0.00147728,0.00147728,0.00147728
68,173.076,1.49837,0.64621,0.8284,0.18771,0.53488,0.16713,0.07268,0,3900,0,0.00146936,0.00146936,0.00146936
69,175.584,1.36719,0.65624,0.77899,0.18771,0.53488,0.16713,0.07268,0,3900,0,0.00146144,0.00146144,0.00146144
70,178.115,1.285,0.60924,0.80449,0.18771,0.53488,0.16713,0.07268,0,2930,0,0.00145352,0.00145352,0.00145352
71,180.644,1.38293,0.58038,0.8246,0.18771,0.53488,0.16713,0.07268,0,2930,0,0.0014456,0.0014456,0.0014456
72,183.174,1.21775,0.51392,0.80486,0.18771,0.53488,0.16713,0.07268,0,17.8125,0,0.00143768,0.00143768,0.00143768
73,185.683,1.34466,0.58499,0.81541,0.18771,0.53488,0.16713,0.07268,0,17.8125,0,0.00142976,0.00142976,0.00142976
74,188.233,1.3131,0.57872,0.79469,0.18771,0.53488,0.16713,0.07268,1.72553,2.85547,0.59115,0.00142184,0.00142184,0.00142184
75,190.741,1.31125,0.51844,0.80138,0.18771,0.53488,0.16713,0.07268,1.72553,2.85547,0.59115,0.00141392,0.00141392,0.00141392
76,193.282,1.26485,0.53301,0.81145,0.06667,0.02326,0.03436,0.01375,3.28816,5.99545,1.09521,0.001406,0.001406,0.001406
77,195.788,1.13128,0.51713,0.80134,0.06667,0.02326,0.03436,0.01375,3.28816,5.99545,1.09521,0.00139808,0.00139808,0.00139808
78,198.334,1.36856,0.56321,0.8573,0.95223,0.92717,0.9525,0.587,1.36034,0.65312,0.77365,0.00139016,0.00139016,0.00139016
79,201.065,1.43548,0.56663,0.81374,0.95223,0.92717,0.9525,0.587,1.36034,0.65312,0.77365,0.00138224,0.00138224,0.00138224
80,203.825,1.59802,0.67085,0.81111,0.95329,1,0.97078,0.6157,1.31174,0.49,0.76876,0.00137432,0.00137432,0.00137432
81,206.573,1.31142,0.52643,0.80325,0.95329,1,0.97078,0.6157,1.31174,0.49,0.76876,0.0013664,0.0013664,0.0013664
82,209.324,1.26941,0.51079,0.79459,0.96804,1,0.97773,0.65577,1.25929,0.46564,0.77001,0.00135848,0.00135848,0.00135848
83,212.048,1.18242,0.48938,0.79955,0.96804,1,0.97773,0.65577,1.25929,0.46564,0.77001,0.00135056,0.00135056,0.00135056
84,215.489,1.24072,0.59115,0.79547,0.97408,1,0.975,0.59786,1.42661,0.52244,0.77774,0.00134264,0.00134264,0.00134264
85,217.998,1.40875,0.51523,0.78939,0.97408,1,0.975,0.59786,1.42661,0.52244,0.77774,0.00133472,0.00133472,0.00133472
86,220.519,1.24201,0.53868,0.8458,0.97533,1,0.975,0.60515,1.34294,0.51422,0.77229,0.0013268,0.0013268,0.0013268
87,223.031,1.22787,0.51091,0.81815,0.97533,1,0.975,0.60515,1.34294,0.51422,0.77229,0.00131888,0.00131888,0.00131888
88,226.082,1.23383,0.5163,0.81145,0.97302,1,0.97545,0.65895,1.16377,0.47093,0.76339,0.00131096,0.00131096,0.00131096
89,228.793,1.22028,0.5249,0.81788,0.97302,1,0.97545,0.65895,1.16377,0.47093,0.76339,0.00130304,0.00130304,0.00130304
90,231.534,1.20665,0.49179,0.81182,0.97553,1,0.97545,0.6195,1.24636,0.49195,0.76474,0.00129512,0.00129512,0.00129512
91,234.312,1.22391,0.48734,0.81897,0.97553,1,0.97545,0.6195,1.24636,0.49195,0.76474,0.0012872,0.0012872,0.0012872
92,236.849,1.21543,0.47388,0.83545,0.97574,1,0.97818,0.62317,1.34058,0.49483,0.76515,0.00127928,0.00127928,0.00127928
93,239.369,1.36752,0.51153,0.80948,0.97574,1,0.97818,0.62317,1.34058,0.49483,0.76515,0.00127136,0.00127136,0.00127136
94,241.907,1.14884,0.49905,0.79336,0.97582,1,0.97977,0.62888,1.39555,0.49915,0.76656,0.00126344,0.00126344,0.00126344
95,244.418,1.25155,0.50246,0.81316,0.97582,1,0.97977,0.62888,1.39555,0.49915,0.76656,0.00125552,0.00125552,0.00125552
96,246.948,1.212,0.50832,0.78384,0.97586,1,0.97932,0.61402,1.37063,0.48078,0.7673,0.0012476,0.0012476,0.0012476
97,249.467,1.28862,0.4911,0.80578,0.97586,1,0.97932,0.61402,1.37063,0.48078,0.7673,0.00123968,0.00123968,0.00123968
98,252.042,1.12102,0.46629,0.7918,0.97586,1,0.97773,0.60887,1.34231,0.47653,0.76735,0.00123176,0.00123176,0.00123176
99,254.561,1.09088,0.44558,0.79833,0.97586,1,0.97773,0.60887,1.34231,0.47653,0.76735,0.00122384,0.00122384,0.00122384
100,257.092,1.1493,0.46824,0.81828,0.97604,1,0.97977,0.64616,1.31577,0.48369,0.76543,0.00121592,0.00121592,0.00121592
101,259.624,1.23534,0.51892,0.80973,0.97604,1,0.97977,0.64616,1.31577,0.48369,0.76543,0.001208,0.001208,0.001208
102,262.164,1.12976,0.44638,0.81673,0.97586,1,0.97614,0.63522,1.30088,0.47309,0.76712,0.00120008,0.00120008,0.00120008
103,264.684,1.0832,0.46456,0.80325,0.97586,1,0.97614,0.63522,1.30088,0.47309,0.76712,0.00119216,0.00119216,0.00119216
104,267.217,1.14242,0.47852,0.80633,0.97543,1,0.97614,0.62003,1.34915,0.51559,0.77827,0.00118424,0.00118424,0.00118424
105,269.728,1.14995,0.45594,0.7717,0.97543,1,0.97614,0.62003,1.34915,0.51559,0.77827,0.00117632,0.00117632,0.00117632
106,272.263,1.13135,0.47072,0.81498,0.97719,0.99657,0.97545,0.60937,1.43894,0.59198,0.78794,0.0011684,0.0011684,0.0011684
107,274.777,1.224,0.47471,0.78537,0.97719,0.99657,0.97545,0.60937,1.43894,0.59198,0.78794,0.00116048,0.00116048,0.00116048
108,277.312,1.21173,0.48701,0.80341,0.97392,0.8685,0.97455,0.55646,1.68148,1.02143,0.81075,0.00115256,0.00115256,0.00115256
109,279.827,1.14868,0.48865,0.82652,0.97392,0.8685,0.97455,0.55646,1.68148,1.02143,0.81075,0.00114464,0.00114464,0.00114464
110,282.359,1.24575,0.49543,0.82834,0.97416,1,0.97614,0.62797,1.38934,0.51975,0.7848,0.00113672,0.00113672,0.00113672
111,284.973,1.14783,0.4301,0.79893,0.97416,1,0.97614,0.62797,1.38934,0.51975,0.7848,0.0011288,0.0011288,0.0011288
112,287.51,1.18679,0.46296,0.80763,0.97544,1,0.97386,0.64932,1.21601,0.50942,0.76386,0.00112088,0.00112088,0.00112088
113,290.063,1.15826,0.46262,0.80886,0.97544,1,0.97386,0.64932,1.21601,0.50942,0.76386,0.00111296,0.00111296,0.00111296
114,292.603,1.1657,0.44626,0.80458,0.97545,1,0.97455,0.64691,1.25827,0.54011,0.76388,0.00110504,0.00110504,0.00110504
115,295.114,1.13775,0.45947,0.8089,0.97545,1,0.97455,0.64691,1.25827,0.54011,0.76388,0.00109712,0.00109712,0.00109712
116,297.635,1.2373,0.46438,0.77828,0.97461,1,0.97386,0.65673,1.24052,0.50135,0.76405,0.0010892,0.0010892,0.0010892
117,300.141,1.14427,0.445,0.7983,0.97461,1,0.97386,0.65673,1.24052,0.50135,0.76405,0.00108128,0.00108128,0.00108128
118,302.679,1.18824,0.46876,0.79543,0.97447,1,0.97295,0.63901,1.28838,0.49089,0.76284,0.00107336,0.00107336,0.00107336
119,305.201,1.13928,0.44473,0.78116,0.97447,1,0.97295,0.63901,1.28838,0.49089,0.76284,0.00106544,0.00106544,0.00106544
120,307.727,1.04377,0.45781,0.78662,0.97526,1,0.97239,0.59108,1.40793,0.50742,0.76961,0.00105752,0.00105752,0.00105752
121,310.245,1.17372,0.46836,0.80996,0.97526,1,0.97239,0.59108,1.40793,0.50742,0.76961,0.0010496,0.0010496,0.0010496
122,312.787,1.31049,0.50098,0.84102,0.97557,1,0.97239,0.61216,1.34471,0.47285,0.76682,0.00104168,0.00104168,0.00104168
123,315.333,1.10484,0.45851,0.81459,0.97557,1,0.97239,0.61216,1.34471,0.47285,0.76682,0.00103376,0.00103376,0.00103376
124,317.881,1.18931,0.48976,0.80487,0.97566,1,0.97341,0.63864,1.27537,0.46213,0.76255,0.00102584,0.00102584,0.00102584
125,320.407,1.16621,0.45887,0.7764,0.97566,1,0.97341,0.63864,1.27537,0.46213,0.76255,0.00101792,0.00101792,0.00101792
126,322.945,1.19007,0.50488,0.78555,0.97574,1,0.97545,0.59952,1.34373,0.50833,0.76355,0.00101,0.00101,0.00101
127,325.453,1.18476,0.49374,0.79877,0.97574,1,0.97545,0.59952,1.34373,0.50833,0.76355,0.00100208,0.00100208,0.00100208
128,327.987,1.19009,0.48937,0.77019,0.97572,1,0.97659,0.59638,1.33014,0.51248,0.76121,0.00099416,0.00099416,0.00099416
129,330.493,1.25618,0.48357,0.79101,0.97572,1,0.97659,0.59638,1.33014,0.51248,0.76121,0.00098624,0.00098624,0.00098624
130,333.027,1.21767,0.47439,0.80791,0.97578,1,0.97773,0.63181,1.28946,0.5067,0.76148,0.00097832,0.00097832,0.00097832
131,335.545,1.27463,0.51838,0.79672,0.97578,1,0.97773,0.63181,1.28946,0.5067,0.76148,0.0009704,0.0009704,0.0009704
132,338.107,1.29339,0.49211,0.79868,0.97575,1,0.97659,0.63886,1.30269,0.51803,0.76529,0.00096248,0.00096248,0.00096248
133,340.625,1.19608,0.49366,0.80914,0.97575,1,0.97659,0.63886,1.30269,0.51803,0.76529,0.00095456,0.00095456,0.00095456
134,343.155,1.09714,0.44582,0.78627,0.97564,1,0.97545,0.62039,1.30524,0.52389,0.76694,0.00094664,0.00094664,0.00094664
135,345.672,1.02853,0.44901,0.80874,0.97564,1,0.97545,0.62039,1.30524,0.52389,0.76694,0.00093872,0.00093872,0.00093872
136,348.205,1.09281,0.47848,0.78988,0.97557,1,0.97341,0.62827,1.30546,0.52267,0.76424,0.0009308,0.0009308,0.0009308
137,350.75,1.13119,0.46688,0.77724,0.97557,1,0.97341,0.62827,1.30546,0.52267,0.76424,0.00092288,0.00092288,0.00092288
138,353.29,1.07626,0.44119,0.78616,0.9757,1,0.97239,0.64462,1.27037,0.46664,0.75906,0.00091496,0.00091496,0.00091496
139,355.814,1.21902,0.49948,0.80655,0.9757,1,0.97239,0.64462,1.27037,0.46664,0.75906,0.00090704,0.00090704,0.00090704
140,358.346,1.15691,0.48058,0.82031,0.97558,1,0.97239,0.63344,1.22921,0.45284,0.75962,0.00089912,0.00089912,0.00089912
141,360.848,1.07806,0.44871,0.77648,0.97558,1,0.97239,0.63344,1.22921,0.45284,0.75962,0.0008912,0.0008912,0.0008912
142,363.431,1.07657,0.4753,0.79876,0.97548,1,0.97239,0.61292,1.30335,0.49556,0.76167,0.00088328,0.00088328,0.00088328
143,365.964,1.11315,0.44126,0.81216,0.97548,1,0.97239,0.61292,1.30335,0.49556,0.76167,0.00087536,0.00087536,0.00087536
144,368.524,1.19996,0.44629,0.76864,0.97543,1,0.97341,0.61362,1.28775,0.52008,0.76275,0.00086744,0.00086744,0.00086744
145,371.051,1.21256,0.47293,0.81334,0.97543,1,0.97341,0.61362,1.28775,0.52008,0.76275,0.00085952,0.00085952,0.00085952
146,373.61,1.12219,0.44927,0.79839,0.97537,1,0.97295,0.60591,1.30793,0.50465,0.76402,0.0008516,0.0008516,0.0008516
147,376.152,1.033,0.42015,0.79427,0.97537,1,0.97295,0.60591,1.30793,0.50465,0.76402,0.00084368,0.00084368,0.00084368
148,378.69,1.04686,0.44826,0.80918,0.97542,1,0.97295,0.60384,1.35508,0.50887,0.76575,0.00083576,0.00083576,0.00083576
149,381.237,1.18658,0.46661,0.79116,0.97542,1,0.97295,0.60384,1.35508,0.50887,0.76575,0.00082784,0.00082784,0.00082784
150,383.777,1.10139,0.44406,0.78068,0.97543,1,0.97295,0.61615,1.35312,0.5111,0.7655,0.00081992,0.00081992,0.00081992
151,386.31,1.14444,0.41471,0.8114,0.97543,1,0.97295,0.61615,1.35312,0.5111,0.7655,0.000812,0.000812,0.000812
152,388.863,1.08427,0.44505,0.80453,0.9757,1,0.97455,0.64089,1.2965,0.49555,0.76531,0.00080408,0.00080408,0.00080408
153,391.392,1.13292,0.46499,0.7868,0.9757,1,0.97455,0.64089,1.2965,0.49555,0.76531,0.00079616,0.00079616,0.00079616
154,393.92,1.13469,0.44718,0.82604,0.97577,1,0.975,0.63869,1.28331,0.47257,0.76247,0.00078824,0.00078824,0.00078824
155,396.434,1.10557,0.44465,0.79676,0.97577,1,0.975,0.63869,1.28331,0.47257,0.76247,0.00078032,0.00078032,0.00078032
156,398.989,1.0842,0.45765,0.78618,0.97571,1,0.975,0.64687,1.28451,0.46574,0.76196,0.0007724,0.0007724,0.0007724
157,401.514,1.0514,0.42548,0.77596,0.97571,1,0.975,0.64687,1.28451,0.46574,0.76196,0.00076448,0.00076448,0.00076448
158,404.073,1.07143,0.44102,0.81626,0.97577,1,0.975,0.65465,1.2609,0.47654,0.75856,0.00075656,0.00075656,0.00075656
159,406.596,1.06002,0.43191,0.81308,0.97577,1,0.975,0.65465,1.2609,0.47654,0.75856,0.00074864,0.00074864,0.00074864
160,409.19,1.08391,0.44665,0.80097,0.97578,1,0.97455,0.64653,1.25605,0.50573,0.76074,0.00074072,0.00074072,0.00074072
161,411.717,1.16083,0.42729,0.78661,0.97578,1,0.97455,0.64653,1.25605,0.50573,0.76074,0.0007328,0.0007328,0.0007328
162,414.275,1.176,0.47963,0.82033,0.97568,1,0.975,0.61927,1.3391,0.52079,0.76338,0.00072488,0.00072488,0.00072488
163,416.793,1.09555,0.46354,0.80597,0.97568,1,0.975,0.61927,1.3391,0.52079,0.76338,0.00071696,0.00071696,0.00071696
164,419.339,1.05019,0.43553,0.77901,0.97567,1,0.97545,0.63286,1.34805,0.50973,0.76342,0.00070904,0.00070904,0.00070904
165,421.861,1.04739,0.41128,0.81753,0.97567,1,0.97545,0.63286,1.34805,0.50973,0.76342,0.00070112,0.00070112,0.00070112
166,424.415,1.11854,0.46633,0.79071,0.9756,1,0.975,0.63648,1.27997,0.47012,0.76477,0.0006932,0.0006932,0.0006932
167,426.934,1.08307,0.43029,0.78471,0.9756,1,0.975,0.63648,1.27997,0.47012,0.76477,0.00068528,0.00068528,0.00068528
168,429.49,1.0031,0.42461,0.7896,0.97569,1,0.97455,0.66872,1.2322,0.45181,0.76229,0.00067736,0.00067736,0.00067736
169,432.241,0.97144,0.45531,0.77441,0.97569,1,0.97455,0.66872,1.2322,0.45181,0.76229,0.00066944,0.00066944,0.00066944
170,435.01,0.95911,0.39964,0.77975,0.97573,1,0.97341,0.65237,1.27005,0.47857,0.76432,0.00066152,0.00066152,0.00066152
171,437.529,1.11552,0.47303,0.79713,0.97573,1,0.97341,0.65237,1.27005,0.47857,0.76432,0.0006536,0.0006536,0.0006536
172,440.057,1.00641,0.43996,0.80132,0.97577,1,0.97341,0.64863,1.35462,0.50895,0.76501,0.00064568,0.00064568,0.00064568
173,442.572,1.07641,0.40913,0.78651,0.97577,1,0.97341,0.64863,1.35462,0.50895,0.76501,0.00063776,0.00063776,0.00063776
174,445.107,1.05343,0.43078,0.80341,0.97569,1,0.97386,0.62339,1.33945,0.50907,0.76579,0.00062984,0.00062984,0.00062984
175,447.624,1.02923,0.42065,0.76625,0.97569,1,0.97386,0.62339,1.33945,0.50907,0.76579,0.00062192,0.00062192,0.00062192
176,450.16,1.05407,0.39269,0.80608,0.97563,1,0.97386,0.64008,1.23131,0.47256,0.76335,0.000614,0.000614,0.000614
177,452.676,1.17693,0.45118,0.8089,0.97563,1,0.97386,0.64008,1.23131,0.47256,0.76335,0.00060608,0.00060608,0.00060608
178,455.224,1.08293,0.43312,0.80266,0.97538,1,0.97341,0.65107,1.23073,0.46514,0.76385,0.00059816,0.00059816,0.00059816
179,457.746,1.15215,0.44406,0.79188,0.97538,1,0.97341,0.65107,1.23073,0.46514,0.76385,0.00059024,0.00059024,0.00059024
180,460.28,1.1344,0.45133,0.80292,0.97533,1,0.97341,0.65341,1.23282,0.467,0.7652,0.00058232,0.00058232,0.00058232
181,462.793,1.11102,0.45807,0.75887,0.97533,1,0.97341,0.65341,1.23282,0.467,0.7652,0.0005744,0.0005744,0.0005744
182,465.335,1.18494,0.45869,0.7909,0.97549,1,0.97341,0.63367,1.29442,0.46985,0.7675,0.00056648,0.00056648,0.00056648
183,467.863,0.97366,0.42807,0.80615,0.97549,1,0.97341,0.63367,1.29442,0.46985,0.7675,0.00055856,0.00055856,0.00055856
184,470.564,0.97362,0.44798,0.80491,0.97569,1,0.97295,0.60401,1.38962,0.50068,0.77225,0.00055064,0.00055064,0.00055064
185,473.108,1.10905,0.43687,0.77668,0.97569,1,0.97295,0.60401,1.38962,0.50068,0.77225,0.00054272,0.00054272,0.00054272
186,475.65,1.12041,0.44842,0.75799,0.97576,1,0.97295,0.59448,1.3945,0.50276,0.77146,0.0005348,0.0005348,0.0005348
187,478.184,1.08738,0.4274,0.77748,0.97576,1,0.97295,0.59448,1.3945,0.50276,0.77146,0.00052688,0.00052688,0.00052688
188,481.386,1.02925,0.41612,0.76524,0.97578,1,0.97295,0.62001,1.33456,0.49793,0.7693,0.00051896,0.00051896,0.00051896
189,483.913,1.07991,0.43005,0.78275,0.97578,1,0.97295,0.62001,1.33456,0.49793,0.7693,0.00051104,0.00051104,0.00051104
190,486.449,1.06931,0.44458,0.79644,0.97575,1,0.97341,0.6376,1.25347,0.47735,0.76396,0.00050312,0.00050312,0.00050312
191,488.969,0.95429,0.42398,0.803,0.97575,1,0.97341,0.6376,1.25347,0.47735,0.76396,0.0004952,0.0004952,0.0004952
192,492.18,1.01603,0.41443,0.78913,0.97568,1,0.97341,0.67522,1.18971,0.43875,0.76248,0.00048728,0.00048728,0.00048728
193,494.925,0.9914,0.42293,0.80742,0.97568,1,0.97341,0.67522,1.18971,0.43875,0.76248,0.00047936,0.00047936,0.00047936
194,497.686,1.0954,0.44337,0.80812,0.97565,1,0.97341,0.66247,1.19646,0.43861,0.76136,0.00047144,0.00047144,0.00047144
195,500.225,1.0321,0.41079,0.78936,0.97565,1,0.97341,0.66247,1.19646,0.43861,0.76136,0.00046352,0.00046352,0.00046352
196,502.773,1.02871,0.38806,0.79072,0.97567,1,0.97386,0.6641,1.17012,0.43482,0.76004,0.0004556,0.0004556,0.0004556
197,505.301,0.96114,0.38747,0.79807,0.97567,1,0.97386,0.6641,1.17012,0.43482,0.76004,0.00044768,0.00044768,0.00044768
198,507.914,1.02369,0.38368,0.80146,0.97573,1,0.97386,0.65076,1.20881,0.45728,0.75998,0.00043976,0.00043976,0.00043976
199,510.49,1.03153,0.42688,0.78552,0.97573,1,0.97386,0.65076,1.20881,0.45728,0.75998,0.00043184,0.00043184,0.00043184
200,513.069,0.97313,0.4251,0.7754,0.97575,1,0.97455,0.65672,1.22254,0.46087,0.7593,0.00042392,0.00042392,0.00042392
201,515.645,1.034,0.41019,0.77505,0.97575,1,0.97455,0.65672,1.22254,0.46087,0.7593,0.000416,0.000416,0.000416
202,518.295,1.08372,0.41917,0.77498,0.97578,1,0.97545,0.67574,1.19104,0.45325,0.75852,0.00040808,0.00040808,0.00040808
203,521.92,1.0099,0.43314,0.80179,0.97578,1,0.97545,0.67574,1.19104,0.45325,0.75852,0.00040016,0.00040016,0.00040016
204,525.535,0.95486,0.39438,0.79393,0.97578,1,0.97545,0.67851,1.18755,0.43863,0.7597,0.00039224,0.00039224,0.00039224
205,529.251,1.00961,0.44523,0.78927,0.97578,1,0.97545,0.67851,1.18755,0.43863,0.7597,0.00038432,0.00038432,0.00038432
206,533.05,0.94904,0.40625,0.75461,0.97572,1,0.97614,0.68462,1.15949,0.42586,0.75945,0.0003764,0.0003764,0.0003764
207,537.116,1.01754,0.39402,0.79043,0.97572,1,0.97614,0.68462,1.15949,0.42586,0.75945,0.00036848,0.00036848,0.00036848
208,541.14,0.99711,0.40829,0.79539,0.97569,1,0.97545,0.68432,1.17253,0.43212,0.76067,0.00036056,0.00036056,0.00036056
209,544.317,1.06354,0.42253,0.77799,0.97569,1,0.97545,0.68432,1.17253,0.43212,0.76067,0.00035264,0.00035264,0.00035264
210,548.295,1.02939,0.42441,0.78551,0.97569,1,0.975,0.68394,1.18689,0.44609,0.75819,0.00034472,0.00034472,0.00034472
211,551.08,0.9294,0.39341,0.77039,0.97569,1,0.975,0.68394,1.18689,0.44609,0.75819,0.0003368,0.0003368,0.0003368
212,553.772,1.01189,0.38498,0.8014,0.97572,1,0.97455,0.67711,1.20507,0.46487,0.7588,0.00032888,0.00032888,0.00032888
213,556.433,0.95291,0.41072,0.78148,0.97572,1,0.97455,0.67711,1.20507,0.46487,0.7588,0.00032096,0.00032096,0.00032096
214,559.121,0.95588,0.3914,0.77631,0.97574,1,0.97386,0.66011,1.23014,0.45981,0.75797,0.00031304,0.00031304,0.00031304
215,561.717,0.95907,0.37096,0.78593,0.97574,1,0.97386,0.66011,1.23014,0.45981,0.75797,0.00030512,0.00030512,0.00030512
216,564.263,0.95818,0.39436,0.77671,0.97577,1,0.97386,0.66195,1.21265,0.45772,0.75834,0.0002972,0.0002972,0.0002972
217,566.795,0.97367,0.40136,0.8028,0.97577,1,0.97386,0.66195,1.21265,0.45772,0.75834,0.00028928,0.00028928,0.00028928
218,569.332,0.97481,0.39397,0.80993,0.97575,1,0.97341,0.67586,1.18963,0.44853,0.75621,0.00028136,0.00028136,0.00028136
219,571.869,1.02995,0.40369,0.79006,0.97575,1,0.97341,0.67586,1.18963,0.44853,0.75621,0.00027344,0.00027344,0.00027344
220,574.633,0.96572,0.38283,0.77985,0.97571,1,0.97341,0.6808,1.16435,0.45318,0.7583,0.00026552,0.00026552,0.00026552
221,577.167,0.92697,0.39076,0.77738,0.97571,1,0.97341,0.6808,1.16435,0.45318,0.7583,0.0002576,0.0002576,0.0002576
222,579.701,1.00379,0.40989,0.79269,0.97569,1,0.97341,0.6804,1.17368,0.45689,0.75863,0.00024968,0.00024968,0.00024968
223,582.221,0.92434,0.36484,0.78506,0.97569,1,0.97341,0.6804,1.17368,0.45689,0.75863,0.00024176,0.00024176,0.00024176
224,584.768,1.00321,0.38459,0.7764,0.9757,1,0.97295,0.67179,1.16832,0.44583,0.75777,0.00023384,0.00023384,0.00023384
225,587.293,1.04839,0.39943,0.80732,0.9757,1,0.97295,0.67179,1.16832,0.44583,0.75777,0.00022592,0.00022592,0.00022592
226,589.841,0.99922,0.41575,0.81666,0.97571,1,0.97295,0.6634,1.21473,0.45668,0.75745,0.000218,0.000218,0.000218
227,592.362,0.93384,0.36471,0.80173,0.97571,1,0.97295,0.6634,1.21473,0.45668,0.75745,0.00021008,0.00021008,0.00021008
228,595.318,0.99478,0.40802,0.76782,0.97569,1,0.97295,0.65998,1.21241,0.45176,0.75599,0.00020216,0.00020216,0.00020216
229,597.828,0.93632,0.38112,0.79098,0.97569,1,0.97295,0.65998,1.21241,0.45176,0.75599,0.00019424,0.00019424,0.00019424
230,600.367,0.95345,0.40755,0.79183,0.97567,1,0.97295,0.66135,1.2109,0.45267,0.75653,0.00018632,0.00018632,0.00018632
231,602.885,0.96728,0.38135,0.784,0.97567,1,0.97295,0.66135,1.2109,0.45267,0.75653,0.0001784,0.0001784,0.0001784
232,605.725,0.9066,0.41788,0.74363,0.97567,1,0.97239,0.67578,1.19776,0.4446,0.75669,0.00017048,0.00017048,0.00017048
233,608.263,0.88655,0.37861,0.80041,0.97567,1,0.97239,0.67578,1.19776,0.4446,0.75669,0.00016256,0.00016256,0.00016256
234,610.807,0.89638,0.41532,0.79662,0.97567,1,0.97239,0.67673,1.17888,0.42987,0.75722,0.00015464,0.00015464,0.00015464
235,613.362,0.97867,0.41201,0.8059,0.97567,1,0.97239,0.67673,1.17888,0.42987,0.75722,0.00014672,0.00014672,0.00014672
236,615.905,0.89178,0.38171,0.78601,0.97567,1,0.97239,0.67935,1.17393,0.43151,0.75783,0.0001388,0.0001388,0.0001388
237,618.436,0.96569,0.39882,0.76913,0.97567,1,0.97239,0.67935,1.17393,0.43151,0.75783,0.00013088,0.00013088,0.00013088
238,620.982,0.91867,0.36173,0.777,0.97567,1,0.97239,0.6662,1.1883,0.42686,0.7566,0.00012296,0.00012296,0.00012296
239,623.505,0.97276,0.41895,0.79195,0.97567,1,0.97239,0.6662,1.1883,0.42686,0.7566,0.00011504,0.00011504,0.00011504
240,626.047,0.9906,0.42262,0.77838,0.97569,1,0.97239,0.66341,1.19398,0.42622,0.75796,0.00010712,0.00010712,0.00010712
241,646.014,0.90035,0.36999,0.81725,0.97569,1,0.97239,0.66341,1.19398,0.42622,0.75796,9.92e-05,9.92e-05,9.92e-05
242,648.584,0.90873,0.37077,0.788,0.97569,1,0.97239,0.66268,1.2197,0.44379,0.75792,9.128e-05,9.128e-05,9.128e-05
243,651.104,0.90208,0.39208,0.79337,0.97569,1,0.97239,0.66268,1.2197,0.44379,0.75792,8.336e-05,8.336e-05,8.336e-05
244,653.649,0.92498,0.40485,0.7916,0.97569,1,0.97239,0.65786,1.22726,0.44567,0.75639,7.544e-05,7.544e-05,7.544e-05
245,656.169,0.9391,0.40811,0.79284,0.97569,1,0.97239,0.65786,1.22726,0.44567,0.75639,6.752e-05,6.752e-05,6.752e-05
246,658.699,0.86823,0.38467,0.79543,0.9757,1,0.97239,0.65929,1.22229,0.44571,0.75693,5.96e-05,5.96e-05,5.96e-05
247,661.215,0.93079,0.40209,0.77542,0.9757,1,0.97239,0.65929,1.22229,0.44571,0.75693,5.168e-05,5.168e-05,5.168e-05
248,664.496,0.87903,0.38266,0.7952,0.9757,1,0.97239,0.65888,1.21615,0.44872,0.75636,4.376e-05,4.376e-05,4.376e-05
249,667.027,0.86043,0.35712,0.80796,0.9757,1,0.97239,0.65888,1.21615,0.44872,0.75636,3.584e-05,3.584e-05,3.584e-05
250,669.577,0.89854,0.38074,0.79642,0.97569,1,0.97239,0.65737,1.21385,0.44723,0.75618,2.792e-05,2.792e-05,2.792e-05
